,go_emotion,meld,emonlp,semeval,daily,carer,flower,iemocap,isear
weighted_F1,0.46115748938175866,0.5154732232867016,0.3078568281540528,0.4515741017979033,0.6345345309053833,0.9016230891083752,0.36812921933580584,0.30698483263076415,0.5780490722277084
macro_F1,0.40312691361708364,0.3556746767476004,0.1885067534878944,0.2868637524733967,0.2744350608657791,0.6072913465809338,0.25976657572629513,0.19811591338557769,0.43970504939747607
