,go_emotion,meld,emonlp,semeval,daily,carer,flower,iemocap,isear
weighted_F1,0.6330182985804319,0.5966827283406292,0.4503205299699471,0.6144430742822234,0.8400453956602811,0.8457170305519932,0.4899228471640097,0.5068930766723587,0.7704887352666626
macro_F1,0.5427305231999945,0.43234825426858675,0.270896220472854,0.39940443240222395,0.3384001862966217,0.5528930078339497,0.3511336611992267,0.3226267229885202,0.6239615100904489
