,go_emotion,meld,emonlp,semeval,daily,carer,flower,iemocap,isear
weighted_F1,0.606241562526063,0.6214047597836202,0.4353068043627771,0.6071536896035806,0.8409737532230154,0.9368768026642241,0.4101580393975315,0.42791691122199293,0.6422509243527912
macro_F1,0.5342945326934361,0.46545937539195315,0.2669358384093465,0.3978646715865346,0.4043791194581489,0.6355196580616782,0.31335621287615967,0.357208626492265,0.5601682296730353
